id,codigo,nome,variedade,area_ha,data_plantio,status,ativo,observacoes,created_at,area_hectares,quantidade_setores,localizacao,criado_em,cultura_id,tipo_area,deleted_at,tenant_id,orcamento_mensal
19d32d50-fc5b-407b-a822-9126c0c099ae,,A337,Prata,,,ativo,true,,2026-05-14T16:51:49.988032+00:00,,2,,2026-05-14T16:51:49.988032+00:00,,talhao,,00000000-0000-0000-0000-000000000001,0
be019921-8ac4-4a1e-9cdf-951ec9119ba2,,A363,Prata,,,ativo,true,,2026-05-14T16:52:53.137955+00:00,,2,,2026-05-14T16:52:53.137955+00:00,,talhao,,00000000-0000-0000-0000-000000000001,0
1491b852-ef1c-459c-b1c0-3dbd2d6b2dc1,,A564,Prata,,,ativo,true,,2026-05-14T16:53:46.358192+00:00,,1,,2026-05-14T16:53:46.358192+00:00,,talhao,,00000000-0000-0000-0000-000000000001,0
6c0c9b13-b01c-4141-ab1c-27ac476bb855,,A566,Prata,,,ativo,true,,2026-05-14T16:53:26.425058+00:00,,1,,2026-05-14T16:53:26.425058+00:00,,talhao,,00000000-0000-0000-0000-000000000001,0
0a98539d-0ec8-4925-9fc7-ed4c58892bc9,,A341,Prata,,,ativo,true,,2026-05-14T16:50:17.02359+00:00,,2,,2026-05-14T16:50:17.02359+00:00,,talhao,,00000000-0000-0000-0000-000000000001,0
bd949267-e338-4023-8fd0-4b1182c622ad,,A370,Prata,,,ativo,true,,2026-05-14T16:47:28.361572+00:00,,1,,2026-05-14T16:47:28.361572+00:00,,talhao,,00000000-0000-0000-0000-000000000001,0
971dfc6c-466c-4547-96c4-1d2d1dcea78e,,A347,Prata,,,ativo,true,,2026-05-14T16:48:22.725366+00:00,,2,,2026-05-14T16:48:22.725366+00:00,,talhao,,00000000-0000-0000-0000-000000000001,0
f00023f6-f613-4862-9441-53562ae5acd9,,A346,Prata,,,ativo,true,,2026-05-14T16:49:02.780135+00:00,,2,,2026-05-14T16:49:02.780135+00:00,,talhao,,00000000-0000-0000-0000-000000000001,0
036542c7-4bb8-420e-bf42-3b356607b4b0,,A338,Prata,,,ativo,true,,2026-05-14T16:51:01.485085+00:00,,2,,2026-05-14T16:51:01.485085+00:00,,talhao,,00000000-0000-0000-0000-000000000001,0